<?xml version="1.0" encoding="utf-8"?>
    <TileMap version="1.0.0" tilemapservice="http://tms.osgeo.org/1.0.0">
      <Title>tmp.vrt</Title>
      <Abstract></Abstract>
      <SRS>EPSG:3857</SRS>
      <BoundingBox minx="99.99999999999999" miny="0.01219615047617" maxx="150.00279890794235" maxy="29.99999999999999"/>
      <Origin x="99.99999999999999" y="0.01219615047617"/>
      <TileFormat width="256" height="256" mime-type="image/png" extension="png"/>
      <TileSets profile="mercator">
        <TileSet href="2" units-per-pixel="39135.75847500000236" order="2"/>
        <TileSet href="3" units-per-pixel="19567.87923750000118" order="3"/>
        <TileSet href="4" units-per-pixel="9783.93961875000059" order="4"/>
        <TileSet href="5" units-per-pixel="4891.96980937500030" order="5"/>
      </TileSets>
    </TileMap>
    